Name,Price,Rating
N/A,N/A,N/A
N/A,N/A,N/A
ORIGINAL GOLD PLATED DAY & DATE FUNCTIONING FOR BOYS An...,₹468,N/A
RHETT Analog Watch  - For Men BQ1009,"₹4,947",N/A
Briggs Analog Watch  - For Men CH2927I,"₹4,497",N/A
Edge Analog Watch  - For Men 1696NC01,"₹25,195",N/A
Volt Analog Watch  - For Men 77085PP04,₹422,N/A
Analog Watch  - For Men BKPPGF2069I,"₹6,497",N/A
Chrono Ceramic Analog Watch  - For Men 28000122-D,"₹15,021",N/A
GRANT SPOR Analog Watch  - For Men FS5268I,"₹5,622",N/A
G-Shock ( GG-1000-1A5DR ) Analog-Digital Watch  - For M...,"₹18,995",N/A
By Sonata Analog Watch  - For Men NH7930PP01CJ,₹584,N/A
N/A,N/A,N/A
N/A,"₹25,995",4.4
N/A,N/A,N/A

